{
	"Primes":[
		[
			100,
			0.25
		],
		[
			500,
			0.19
		],
		[
			1000,
			0.168
		],
		[
			5000,
			0.1338
		],
		[
			10000,
			0.1229
		],
		[
			50000,
			0.10266
		],
		[
			100000,
			9.592e-2
		]
	],
	"Semiprimes":[
		[
			100,
			0.34
		],
		[
			500,
			0.306
		],
		[
			1000,
			0.299
		],
		[
			5000,
			0.273
		],
		[
			10000,
			0.2625
		],
		[
			50000,
			0.2422
		],
		[
			100000,
			0.23378
		]
	],
	"3-almost":[
		[
			100,
			0.22
		],
		[
			500,
			0.244
		],
		[
			1000,
			0.247
		],
		[
			5000,
			0.2546
		],
		[
			10000,
			0.2569
		],
		[
			50000,
			0.25588
		],
		[
			100000,
			0.25556
		]
	],
	"4-almost":[
		[
			100,
			0.12
		],
		[
			500,
			0.14
		],
		[
			1000,
			0.149
		],
		[
			5000,
			0.1664
		],
		[
			10000,
			0.1712
		],
		[
			50000,
			0.18384
		],
		[
			100000,
			0.18744
		]
	]
}