"n","k_babylon","m1","m2","babylon_log10_error","nested_log10_error","deviation"
2,1,2,1,"-5.2213203261797599029528289635138628390245317740041357722830330120624955657281056745988695642013","-5.2213203261797599029528289635138628390245317740041357722830330120624955657281056745988695642013","0.e-93"
2,4,2,2,"-48.092197736254530439241922412403303414251893550118329","-48.092197736254530439241922412403303414251893550118329","0.e-51"
3,1,2,1,"-3.49637605401240083270686588553223054757628408142058206086983467419915601545070538905378656840409","-3.49637605401240083270686588553223054757628408142058206086983467419915601545070538905378656840409","0.e-95"
3,4,2,2,"-35.525461796087376505357204540518388624442834288873385423856817214","-35.525461796087376505357204540518388624442834288873385423856817214","0.e-63"
5,1,2,1,"-8.730376736254198730050009512504056937308201369779774979361363130903666277927811845546682877","-8.730376736254198730050009512504056937308201369779774979361363130903666277927811845546682877","0.e-90"
5,4,2,2,"-78.95022386032785257219","-78.95022386032785257219","0.e-19"
13,1,2,1,"-23.190192133906037136901369405650858790857454565215259340448367506990101989974","-23.190192133906037136901369405650858790857454565215259340448367506990101989974","0.e-75"
